model,accuracy_score,precision_score,recall_score,f1_score
model_1,0.9484584273316667,0.5938037865748709,0.13043478260869565,0.2138871667699938
model_2,0.9489158397647923,0.5777777777777777,0.11721311475409836,0.1948892674616695
model_3,0.9489806948137579,0.5809716599190283,0.11762295081967213,0.1956373551465576
