model,accuracy_score,precision_score,recall_score,f1_score
model_1,0.9484584273316667,0.5938037865748709,0.13043478260869565,0.2138871667699938
model_2,0.9489158397647923,0.5777777777777777,0.11721311475409836,0.1948892674616695
model_3,0.9489806948137579,0.5809716599190283,0.11762295081967213,0.1956373551465576
model_4,0.9495427719047927,0.6162280701754386,0.1151639344262295,0.19406077348066297
model_5,0.9481129199439059,0.5905511811023622,0.11342155009451796,0.19029495718363462
model_6,0.9910998366153582,0.9825172610375625,1.0,0.9911815451466547
model_6,0.9475844968802716,0.5432098765432098,0.2459016393442623,0.3385483457296743
model_6,0.9477267646281731,0.5454545454545454,0.25679196129512466,0.3491902834008097
